-- phpMyAdmin SQL Dump-- version 3.5.2-- http://www.phpmyadmin.net---- Host: 10.180.7.135-- Generation Time: Apr 09, 2013 at 09:25 AM-- Server version: 5.5.24-0ubuntu0.12.04.1-- PHP Version: 5.3.10-1ubuntu3.2SET SQL_MODE="NO_AUTO_VALUE_ON_ZERO";SET time_zone = "+00:00";/*!40101 SET @OLD_CHARACTER_SET_CLIENT=@@CHARACTER_SET_CLIENT */;/*!40101 SET @OLD_CHARACTER_SET_RESULTS=@@CHARACTER_SET_RESULTS */;/*!40101 SET @OLD_COLLATION_CONNECTION=@@COLLATION_CONNECTION */;/*!40101 SET NAMES utf8 */;---- Database: `d028d0fa291424631b7443b1adc250fa2`--CREATE DATABASE `d028d0fa291424631b7443b1adc250fa2` DEFAULT CHARACTER SET utf8 COLLATE utf8_unicode_ci;USE `d028d0fa291424631b7443b1adc250fa2`;-- ------------------------------------------------------------ Table structure for table `cmdb_datacenter`--CREATE TABLE IF NOT EXISTS `cmdb_datacenter` (  `id` int(11) NOT NULL AUTO_INCREMENT,  `title` varchar(250) COLLATE utf8_unicode_ci NOT NULL,  `location` varchar(250) COLLATE utf8_unicode_ci NOT NULL,  PRIMARY KEY (`id`)) ENGINE=MyISAM  DEFAULT CHARSET=utf8 COLLATE=utf8_unicode_ci AUTO_INCREMENT=4 ;---- Dumping data for table `cmdb_datacenter`--INSERT INTO `cmdb_datacenter` (`id`, `title`, `location`) VALUES(1, 'Strato', 'Berlin, DE'),(2, 'AWS Europe West', 'Dublin, IE'),(3, 'Rackspace DFW', 'Dallas, US');-- ------------------------------------------------------------ Table structure for table `cmdb_host`--CREATE TABLE IF NOT EXISTS `cmdb_host` (  `id` int(11) NOT NULL AUTO_INCREMENT,  `machine_id` int(11) NOT NULL,  `role_id` int(11) NOT NULL,  `status_id` int(11) NOT NULL,  `hostname` varchar(250) COLLATE utf8_unicode_ci NOT NULL,  `cpu_cores` int(11) NOT NULL,  `cpu_load` int(11) NOT NULL,  `ram_total` int(11) NOT NULL,  `ram_free` int(11) NOT NULL,  `disk_total` int(11) NOT NULL,  `disk_free` int(11) NOT NULL,  `disk_load` int(11) NOT NULL,  `internal_ip` varchar(100) COLLATE utf8_unicode_ci NOT NULL,  `external_ip` varchar(100) COLLATE utf8_unicode_ci NOT NULL,  PRIMARY KEY (`id`)) ENGINE=MyISAM  DEFAULT CHARSET=utf8 COLLATE=utf8_unicode_ci AUTO_INCREMENT=53 ;---- Dumping data for table `cmdb_host`--INSERT INTO `cmdb_host` (`id`, `machine_id`, `role_id`, `status_id`, `hostname`, `cpu_cores`, `cpu_load`, `ram_total`, `ram_free`, `disk_total`, `disk_free`, `disk_load`, `internal_ip`, `external_ip`) VALUES(1, 13, 4, 5, 'McKenzie', 2, 14, 16384, 6704, 600, 742, 10, '192.168.1.1', '10.111.141.150'),(2, 1, 6, 3, 'Victoria', 8, 15, 20480, 5471, 600, 276, 46, '192.168.1.2', '10.111.124.219'),(3, 9, 8, 6, 'Dacey', 2, 38, 20480, 5084, 900, 509, 48, '192.168.1.3', '10.111.175.197'),(4, 11, 8, 5, 'Davis', 8, 6, 16384, 4801, 1500, 637, 20, '192.168.1.4', '10.111.112.152'),(5, 10, 4, 2, 'Stewart', 8, 8, 20480, 2589, 300, 878, 21, '192.168.1.5', '10.111.181.136'),(6, 20, 5, 5, 'Nissim', 2, 16, 16384, 1109, 1500, 344, 42, '192.168.1.6', '10.111.182.126'),(7, 22, 3, 2, 'Ulric', 4, 13, 8192, 2451, 600, 651, 3, '192.168.1.7', '10.111.144.156'),(8, 17, 5, 5, 'Cora', 6, 19, 8192, 7827, 300, 473, 26, '192.168.1.8', '10.111.101.196'),(9, 10, 5, 5, 'Katell', 2, 49, 16384, 6771, 900, 508, 34, '192.168.1.9', '10.111.187.157'),(10, 23, 3, 4, 'Serina', 2, 13, 16384, 2788, 600, 744, 35, '192.168.1.10', '10.111.171.176'),(11, 5, 4, 3, 'Jermaine', 6, 29, 16384, 6572, 1200, 363, 49, '192.168.1.11', '10.111.130.177'),(12, 20, 2, 5, 'Teegan', 4, 30, 8192, 6991, 900, 744, 14, '192.168.1.12', '10.111.147.145'),(13, 29, 4, 2, 'Bradley', 2, 1, 20480, 4748, 1200, 258, 31, '192.168.1.13', '10.111.143.158'),(14, 26, 6, 6, 'Kaye', 2, 40, 16384, 3091, 900, 574, 48, '192.168.1.14', '10.111.147.173'),(15, 4, 7, 5, 'Martina', 2, 41, 16384, 2357, 1500, 874, 14, '192.168.1.15', '10.111.171.109'),(16, 6, 5, 5, 'Cairo', 6, 29, 20480, 5152, 600, 826, 18, '192.168.1.16', '10.111.153.134'),(17, 11, 5, 5, 'Josiah', 8, 11, 16384, 5700, 300, 391, 30, '192.168.1.17', '10.111.139.172'),(18, 21, 7, 5, 'Arthur', 6, 13, 20480, 4924, 900, 464, 52, '192.168.1.18', '10.111.169.186'),(19, 15, 6, 5, 'Juliet', 2, 13, 8192, 7031, 1200, 312, 38, '192.168.1.19', '10.111.104.123'),(20, 4, 7, 5, 'Patricia', 6, 9, 16384, 7925, 300, 509, 55, '192.168.1.20', '10.111.165.118'),(21, 2, 5, 5, 'Dacey', 8, 3, 20480, 2580, 600, 790, 16, '192.168.1.21', '10.111.108.189'),(22, 20, 4, 5, 'Tarik', 2, 40, 8192, 1412, 900, 631, 66, '192.168.1.22', '10.111.158.136'),(23, 12, 5, 4, 'Adam', 6, 28, 8192, 3032, 1500, 271, 19, '192.168.1.23', '10.111.127.171'),(24, 7, 4, 5, 'Buffy', 8, 22, 16384, 3077, 1500, 572, 31, '192.168.1.24', '10.111.175.133'),(25, 29, 4, 5, 'Kenneth', 4, 33, 16384, 5584, 1200, 798, 62, '192.168.1.25', '10.111.179.152'),(26, 14, 4, 5, 'Jane', 8, 28, 20480, 5579, 600, 747, 47, '192.168.1.26', '10.111.168.123'),(27, 20, 4, 5, 'Craig', 4, 19, 16384, 2426, 300, 681, 11, '192.168.1.27', '10.111.151.194'),(28, 3, 6, 5, 'Marah', 4, 28, 8192, 598, 1200, 456, 3, '192.168.1.28', '10.111.135.105'),(29, 18, 3, 5, 'Brielle', 4, 1, 20480, 6945, 1500, 881, 60, '192.168.1.29', '10.111.161.182'),(30, 19, 3, 5, 'Hashim', 8, 32, 16384, 4224, 1200, 272, 14, '192.168.1.30', '10.111.159.157'),(31, 5, 2, 4, 'Colleen', 2, 2, 20480, 3469, 1200, 820, 66, '192.168.1.31', '10.111.181.187'),(32, 2, 6, 5, 'Xantha', 2, 8, 8192, 4136, 600, 372, 49, '192.168.1.32', '10.111.199.117'),(33, 9, 6, 4, 'Coby', 2, 31, 20480, 4488, 300, 441, 47, '192.168.1.33', '10.111.188.149'),(34, 5, 2, 7, 'Nasim', 2, 3, 16384, 4569, 300, 876, 55, '192.168.1.34', '10.111.106.140'),(35, 13, 6, 4, 'Lee', 6, 38, 16384, 2036, 1200, 504, 33, '192.168.1.35', '10.111.114.158'),(36, 27, 4, 4, 'Xerxes', 8, 29, 16384, 7499, 1500, 408, 68, '192.168.1.36', '10.111.104.189'),(37, 22, 6, 5, 'Olga', 6, 17, 8192, 3826, 1500, 508, 44, '192.168.1.37', '10.111.187.165'),(38, 18, 3, 5, 'Hayley', 6, 10, 20480, 5871, 900, 466, 58, '192.168.1.38', '10.111.177.133'),(39, 25, 4, 5, 'Whitney', 2, 5, 8192, 4619, 1500, 829, 70, '192.168.1.39', '10.111.197.120'),(40, 8, 1, 5, 'Ahmed', 8, 1, 8192, 7182, 1500, 602, 34, '192.168.1.40', '10.111.186.178'),(41, 30, 4, 5, 'Yasir', 4, 43, 8192, 5513, 600, 726, 48, '192.168.1.41', '10.111.186.173'),(42, 24, 3, 6, 'Plato', 4, 42, 8192, 6377, 600, 404, 38, '192.168.1.42', '10.111.174.112'),(43, 28, 3, 5, 'Indigo', 8, 3, 20480, 7009, 1500, 520, 24, '192.168.1.43', '10.111.121.178'),(44, 28, 1, 5, 'Mollie', 2, 47, 16384, 7949, 1200, 670, 41, '192.168.1.44', '10.111.114.182'),(45, 16, 3, 5, 'Olivia', 2, 29, 16384, 6461, 600, 456, 69, '192.168.1.45', '10.111.192.160'),(46, 19, 3, 4, 'Casey', 4, 38, 8192, 6442, 900, 294, 52, '192.168.1.46', '10.111.134.171'),(47, 27, 3, 5, 'Garrett', 2, 11, 16384, 1801, 600, 378, 12, '192.168.1.47', '10.111.117.194'),(48, 3, 3, 3, 'Serena', 2, 48, 8192, 2205, 1200, 534, 36, '192.168.1.48', '10.111.165.165'),(49, 24, 4, 4, 'Mufutau', 4, 32, 20480, 2349, 300, 657, 70, '192.168.1.49', '10.111.172.118'),(50, 19, 4, 1, 'Ursula', 4, 13, 8192, 6199, 1200, 291, 64, '192.168.1.50', '10.111.177.188'),(51, 7, 3, 5, 'Hop', 6, 3, 8192, 7860, 900, 358, 28, '192.168.1.51', '10.111.147.185'),(52, 25, 3, 4, 'Arden', 8, 36, 8192, 5467, 900, 545, 43, '192.168.1.52', '10.111.148.136');-- ------------------------------------------------------------ Table structure for table `cmdb_machine`--CREATE TABLE IF NOT EXISTS `cmdb_machine` (  `id` int(11) NOT NULL AUTO_INCREMENT,  `datacenter_id` int(11) NOT NULL,  `title` varchar(250) COLLATE utf8_unicode_ci NOT NULL,  `model` varchar(250) COLLATE utf8_unicode_ci NOT NULL,  `cpu_model` varchar(250) COLLATE utf8_unicode_ci NOT NULL,  `cpu_cores` int(11) NOT NULL,  `cpu_load` int(11) NOT NULL,  `ram_total` int(11) NOT NULL,  `ram_free` int(11) NOT NULL,  `disk_total` int(11) NOT NULL,  `disk_free` int(11) NOT NULL,  `disk_load` int(11) NOT NULL,  `management_ip` varchar(100) COLLATE utf8_unicode_ci NOT NULL,  PRIMARY KEY (`id`)) ENGINE=MyISAM  DEFAULT CHARSET=utf8 COLLATE=utf8_unicode_ci AUTO_INCREMENT=33 ;---- Dumping data for table `cmdb_machine`--INSERT INTO `cmdb_machine` (`id`, `datacenter_id`, `title`, `model`, `cpu_model`, `cpu_cores`, `cpu_load`, `ram_total`, `ram_free`, `disk_total`, `disk_free`, `disk_load`, `management_ip`) VALUES(1, 3, 'Selma', 'HP Integrity BL', 'Intel Xeon E3', 8, 15, 32768, 12991, 1500, 606, 9, ''),(2, 3, 'Danbury', 'HP Integrity BL', 'Intel Xeon E5', 8, 32, 32768, 1808, 1000, 470, 23, ''),(3, 1, 'Manchester', 'HP ProLiant Blade', 'Intel Xeon E7', 6, 35, 32768, 10405, 1000, 312, 74, ''),(4, 2, 'Macomb', 'HP ProLiant Blade', 'Intel Xeon E7', 6, 36, 65536, 7014, 1500, 436, 61, ''),(5, 2, 'Salem', 'HP Integrity BL', 'AMD Opteron 4000', 8, 15, 32768, 5476, 1500, 664, 15, ''),(6, 2, 'Sheboygan', 'HP ProLiant Blade', 'AMD Opteron 6000', 8, 3, 32768, 11155, 1500, 96, 73, ''),(7, 2, 'Starkville', 'HP ProLiant Blade', 'AMD Opteron 4000', 6, 12, 16384, 10754, 1500, 183, 21, ''),(8, 2, 'ChinoHills', 'HP Integrity BL', 'AMD Opteron 4000', 12, 5, 16384, 12390, 1000, 229, 40, ''),(9, 3, 'Schenectady', 'HP Integrity BL', 'Intel Xeon E5', 6, 34, 16384, 7985, 1000, 437, 5, ''),(10, 1, 'LowerBurrell', 'HP ProLiant Blade', 'Intel Xeon E7', 6, 35, 16384, 9599, 1000, 676, 53, ''),(11, 3, 'Dayton', 'HP ProLiant Blade', 'AMD Opteron 6000', 6, 22, 32768, 14906, 1000, 156, 22, ''),(12, 1, 'Enfield', 'HP Integrity BL', 'AMD Opteron 6000', 8, 28, 32768, 9099, 1500, 572, 29, ''),(13, 3, 'Gettysburg', 'Dell PowerEdge', 'Intel Xeon E5', 8, 38, 32768, 13858, 1500, 422, 26, ''),(14, 2, 'Moraga', 'HP ProLiant Blade', 'AMD Opteron 6000', 8, 24, 32768, 5983, 1500, 98, 39, ''),(15, 2, 'Artesia', 'HP Integrity BL', 'AMD Opteron 4000', 8, 41, 16384, 12689, 1500, 704, 32, ''),(16, 2, 'Greensboro', 'HP Integrity BL', 'Intel Xeon E5', 8, 28, 16384, 10728, 2000, 691, 39, ''),(17, 2, 'NewportBeach', 'Dell PowerEdge', 'Intel Xeon E5', 6, 39, 16384, 12520, 1500, 704, 47, ''),(18, 2, 'Fayetteville', 'Dell PowerEdge', 'AMD Opteron 4000', 8, 9, 32768, 8743, 1000, 213, 8, ''),(19, 3, 'LagunaHills', 'Dell PowerEdge', 'AMD Opteron 6000', 8, 33, 32768, 13437, 1500, 705, 26, ''),(20, 3, 'FortWayne', 'HP ProLiant Blade', 'AMD Opteron 6000', 4, 11, 32768, 4906, 1000, 696, 61, ''),(21, 2, 'BattleCreek', 'HP Integrity BL', 'Intel Xeon E7', 6, 44, 16384, 1745, 1500, 229, 25, ''),(22, 2, 'LasCruces', 'HP ProLiant Blade', 'Intel Xeon E7', 8, 30, 16384, 9325, 1000, 558, 74, ''),(23, 2, 'Enfield', 'HP ProLiant Blade', 'Intel Xeon E5', 6, 16, 32768, 14711, 1500, 411, 26, ''),(24, 2, 'Blacksburg', 'HP ProLiant Blade', 'Intel Xeon E7', 8, 27, 32768, 6560, 1000, 643, 40, ''),(25, 3, 'Taunton', 'HP ProLiant Blade', 'AMD Opteron 4000', 6, 51, 32768, 6162, 1500, 564, 27, ''),(26, 2, 'LaHabra', 'HP Integrity BL', 'Intel Xeon E7', 8, 41, 16384, 13708, 1000, 750, 51, ''),(27, 1, 'Corvallis', 'Dell PowerEdge', 'Intel Xeon E7', 6, 44, 16384, 4194, 1500, 424, 1, ''),(28, 3, 'Chattanooga', 'Dell PowerEdge', 'Intel Xeon E5', 12, 46, 32768, 5056, 1500, 673, 17, ''),(29, 1, 'Columbia', 'HP ProLiant Blade', 'AMD Opteron 4000', 12, 10, 32768, 14822, 1500, 502, 78, ''),(30, 3, 'Somersworth', 'HP Integrity BL', 'AMD Opteron 6000', 8, 31, 16384, 7205, 1500, 491, 17, ''),(31, 3, 'Ithaca', 'HP Integrity BL', 'Intel Xeon E7', 8, 7, 16384, 8494, 1500, 334, 55, ''),(32, 2, 'Valdosta', 'HP Integrity BL', 'Intel Xeon E5', 8, 2, 16384, 7459, 1000, 97, 83, '');-- ------------------------------------------------------------ Table structure for table `cmdb_role`--CREATE TABLE IF NOT EXISTS `cmdb_role` (  `id` int(11) NOT NULL AUTO_INCREMENT,  `description` varchar(100) COLLATE utf8_unicode_ci NOT NULL,  PRIMARY KEY (`id`)) ENGINE=MyISAM  DEFAULT CHARSET=utf8 COLLATE=utf8_unicode_ci AUTO_INCREMENT=9 ;---- Dumping data for table `cmdb_role`--INSERT INTO `cmdb_role` (`id`, `description`) VALUES(1, 'email'),(2, 'backup'),(3, 'web_http'),(4, 'web_service'),(5, 'db_customer'),(6, 'db_inventory'),(7, 'networking'),(8, 'internal_tools');-- ------------------------------------------------------------ Table structure for table `cmdb_status`--CREATE TABLE IF NOT EXISTS `cmdb_status` (  `id` int(11) NOT NULL AUTO_INCREMENT,  `description` varchar(100) COLLATE utf8_unicode_ci NOT NULL,  PRIMARY KEY (`id`)) ENGINE=MyISAM  DEFAULT CHARSET=utf8 COLLATE=utf8_unicode_ci AUTO_INCREMENT=8 ;---- Dumping data for table `cmdb_status`--INSERT INTO `cmdb_status` (`id`, `description`) VALUES(1, 'initial'),(2, 'provisioning'),(3, 'configuring'),(4, 'ready'),(5, 'online'),(6, 'maintenance'),(7, 'cancelled');-- ------------------------------------------------------------ Table structure for table `pma__bookmark`--CREATE TABLE IF NOT EXISTS `pma__bookmark` (  `id` int(11) NOT NULL AUTO_INCREMENT,  `dbase` varchar(255) COLLATE utf8_bin NOT NULL DEFAULT '',  `user` varchar(255) COLLATE utf8_bin NOT NULL DEFAULT '',  `label` varchar(255) CHARACTER SET utf8 NOT NULL DEFAULT '',  `query` text COLLATE utf8_bin NOT NULL,  PRIMARY KEY (`id`)) ENGINE=MyISAM DEFAULT CHARSET=utf8 COLLATE=utf8_bin COMMENT='Bookmarks' AUTO_INCREMENT=1 ;-- ------------------------------------------------------------ Table structure for table `pma__column_info`--CREATE TABLE IF NOT EXISTS `pma__column_info` (  `id` int(5) unsigned NOT NULL AUTO_INCREMENT,  `db_name` varchar(64) COLLATE utf8_bin NOT NULL DEFAULT '',  `table_name` varchar(64) COLLATE utf8_bin NOT NULL DEFAULT '',  `column_name` varchar(64) COLLATE utf8_bin NOT NULL DEFAULT '',  `comment` varchar(255) CHARACTER SET utf8 NOT NULL DEFAULT '',  `mimetype` varchar(255) CHARACTER SET utf8 NOT NULL DEFAULT '',  `transformation` varchar(255) COLLATE utf8_bin NOT NULL DEFAULT '',  `transformation_options` varchar(255) COLLATE utf8_bin NOT NULL DEFAULT '',  PRIMARY KEY (`id`),  UNIQUE KEY `db_name` (`db_name`,`table_name`,`column_name`)) ENGINE=MyISAM DEFAULT CHARSET=utf8 COLLATE=utf8_bin COMMENT='Column information for phpMyAdmin' AUTO_INCREMENT=1 ;-- ------------------------------------------------------------ Table structure for table `pma__designer_coords`--CREATE TABLE IF NOT EXISTS `pma__designer_coords` (  `db_name` varchar(64) COLLATE utf8_bin NOT NULL DEFAULT '',  `table_name` varchar(64) COLLATE utf8_bin NOT NULL DEFAULT '',  `x` int(11) DEFAULT NULL,  `y` int(11) DEFAULT NULL,  `v` tinyint(4) DEFAULT NULL,  `h` tinyint(4) DEFAULT NULL,  PRIMARY KEY (`db_name`,`table_name`)) ENGINE=MyISAM DEFAULT CHARSET=utf8 COLLATE=utf8_bin COMMENT='Table coordinates for Designer';-- ------------------------------------------------------------ Table structure for table `pma__history`--CREATE TABLE IF NOT EXISTS `pma__history` (  `id` bigint(20) unsigned NOT NULL AUTO_INCREMENT,  `username` varchar(64) COLLATE utf8_bin NOT NULL DEFAULT '',  `db` varchar(64) COLLATE utf8_bin NOT NULL DEFAULT '',  `table` varchar(64) COLLATE utf8_bin NOT NULL DEFAULT '',  `timevalue` timestamp NOT NULL DEFAULT CURRENT_TIMESTAMP ON UPDATE CURRENT_TIMESTAMP,  `sqlquery` text COLLATE utf8_bin NOT NULL,  PRIMARY KEY (`id`),  KEY `username` (`username`,`db`,`table`,`timevalue`)) ENGINE=MyISAM DEFAULT CHARSET=utf8 COLLATE=utf8_bin COMMENT='SQL history for phpMyAdmin' AUTO_INCREMENT=1 ;-- ------------------------------------------------------------ Table structure for table `pma__pdf_pages`--CREATE TABLE IF NOT EXISTS `pma__pdf_pages` (  `db_name` varchar(64) COLLATE utf8_bin NOT NULL DEFAULT '',  `page_nr` int(10) unsigned NOT NULL AUTO_INCREMENT,  `page_descr` varchar(50) CHARACTER SET utf8 NOT NULL DEFAULT '',  PRIMARY KEY (`page_nr`),  KEY `db_name` (`db_name`)) ENGINE=MyISAM DEFAULT CHARSET=utf8 COLLATE=utf8_bin COMMENT='PDF relation pages for phpMyAdmin' AUTO_INCREMENT=1 ;-- ------------------------------------------------------------ Table structure for table `pma__recent`--CREATE TABLE IF NOT EXISTS `pma__recent` (  `username` varchar(64) COLLATE utf8_bin NOT NULL,  `tables` text COLLATE utf8_bin NOT NULL,  PRIMARY KEY (`username`)) ENGINE=MyISAM DEFAULT CHARSET=utf8 COLLATE=utf8_bin COMMENT='Recently accessed tables';-- ------------------------------------------------------------ Table structure for table `pma__relation`--CREATE TABLE IF NOT EXISTS `pma__relation` (  `master_db` varchar(64) COLLATE utf8_bin NOT NULL DEFAULT '',  `master_table` varchar(64) COLLATE utf8_bin NOT NULL DEFAULT '',  `master_field` varchar(64) COLLATE utf8_bin NOT NULL DEFAULT '',  `foreign_db` varchar(64) COLLATE utf8_bin NOT NULL DEFAULT '',  `foreign_table` varchar(64) COLLATE utf8_bin NOT NULL DEFAULT '',  `foreign_field` varchar(64) COLLATE utf8_bin NOT NULL DEFAULT '',  PRIMARY KEY (`master_db`,`master_table`,`master_field`),  KEY `foreign_field` (`foreign_db`,`foreign_table`)) ENGINE=MyISAM DEFAULT CHARSET=utf8 COLLATE=utf8_bin COMMENT='Relation table';-- ------------------------------------------------------------ Table structure for table `pma__table_coords`--CREATE TABLE IF NOT EXISTS `pma__table_coords` (  `db_name` varchar(64) COLLATE utf8_bin NOT NULL DEFAULT '',  `table_name` varchar(64) COLLATE utf8_bin NOT NULL DEFAULT '',  `pdf_page_number` int(11) NOT NULL DEFAULT '0',  `x` float unsigned NOT NULL DEFAULT '0',  `y` float unsigned NOT NULL DEFAULT '0',  PRIMARY KEY (`db_name`,`table_name`,`pdf_page_number`)) ENGINE=MyISAM DEFAULT CHARSET=utf8 COLLATE=utf8_bin COMMENT='Table coordinates for phpMyAdmin PDF output';-- ------------------------------------------------------------ Table structure for table `pma__table_info`--CREATE TABLE IF NOT EXISTS `pma__table_info` (  `db_name` varchar(64) COLLATE utf8_bin NOT NULL DEFAULT '',  `table_name` varchar(64) COLLATE utf8_bin NOT NULL DEFAULT '',  `display_field` varchar(64) COLLATE utf8_bin NOT NULL DEFAULT '',  PRIMARY KEY (`db_name`,`table_name`)) ENGINE=MyISAM DEFAULT CHARSET=utf8 COLLATE=utf8_bin COMMENT='Table information for phpMyAdmin';-- ------------------------------------------------------------ Table structure for table `pma__table_uiprefs`--CREATE TABLE IF NOT EXISTS `pma__table_uiprefs` (  `username` varchar(64) COLLATE utf8_bin NOT NULL,  `db_name` varchar(64) COLLATE utf8_bin NOT NULL,  `table_name` varchar(64) COLLATE utf8_bin NOT NULL,  `prefs` text COLLATE utf8_bin NOT NULL,  `last_update` timestamp NOT NULL DEFAULT CURRENT_TIMESTAMP ON UPDATE CURRENT_TIMESTAMP,  PRIMARY KEY (`username`,`db_name`,`table_name`)) ENGINE=MyISAM DEFAULT CHARSET=utf8 COLLATE=utf8_bin COMMENT='Tables'' UI preferences';-- ------------------------------------------------------------ Table structure for table `pma__tracking`--CREATE TABLE IF NOT EXISTS `pma__tracking` (  `db_name` varchar(64) COLLATE utf8_bin NOT NULL,  `table_name` varchar(64) COLLATE utf8_bin NOT NULL,  `version` int(10) unsigned NOT NULL,  `date_created` datetime NOT NULL,  `date_updated` datetime NOT NULL,  `schema_snapshot` text COLLATE utf8_bin NOT NULL,  `schema_sql` text COLLATE utf8_bin,  `data_sql` longtext COLLATE utf8_bin,  `tracking` set('UPDATE','REPLACE','INSERT','DELETE','TRUNCATE','CREATE DATABASE','ALTER DATABASE','DROP DATABASE','CREATE TABLE','ALTER TABLE','RENAME TABLE','DROP TABLE','CREATE INDEX','DROP INDEX','CREATE VIEW','ALTER VIEW','DROP VIEW') COLLATE utf8_bin DEFAULT NULL,  `tracking_active` int(1) unsigned NOT NULL DEFAULT '1',  PRIMARY KEY (`db_name`,`table_name`,`version`)) ENGINE=MyISAM DEFAULT CHARSET=utf8 COLLATE=utf8_bin ROW_FORMAT=COMPACT COMMENT='Database changes tracking for phpMyAdmin';-- ------------------------------------------------------------ Table structure for table `pma__userconfig`--CREATE TABLE IF NOT EXISTS `pma__userconfig` (  `username` varchar(64) COLLATE utf8_bin NOT NULL,  `timevalue` timestamp NOT NULL DEFAULT CURRENT_TIMESTAMP ON UPDATE CURRENT_TIMESTAMP,  `config_data` text COLLATE utf8_bin NOT NULL,  PRIMARY KEY (`username`)) ENGINE=MyISAM DEFAULT CHARSET=utf8 COLLATE=utf8_bin COMMENT='User preferences storage for phpMyAdmin';/*!40101 SET CHARACTER_SET_CLIENT=@OLD_CHARACTER_SET_CLIENT */;/*!40101 SET CHARACTER_SET_RESULTS=@OLD_CHARACTER_SET_RESULTS */;/*!40101 SET COLLATION_CONNECTION=@OLD_COLLATION_CONNECTION */;